{
  "654902120960753699": {
    "username": "intra",
    "password": "$2b$10$609KTtN2qxWTVU1pXr4NCuvv3TZ565.5.5MEeGG30lSJPv7DWhIru"
  },
  "1266442489079005184": {
    "username": "intra2",
    "password": "$2b$10$a8JBgXg5XDO7jQnu.SknduDx1gl4dhrA/ilIyiWApnuIhZVz7.2e6"
  },
  "1062515307454935120": {
    "username": "<kunk>",
    "password": "$2b$10$bO.UmPSVScCxyrCaN85F6eTVkfAP9JAUTHSBm5dfiWozOX9vjkJDe"
  },
  "391391580709453825": {
    "username": "uperalta",
    "password": "$2b$10$KKTqAHAqtEYrKvc0OiLXM.dv1Vx98NBM1Hyp151.pnBng.mg1Jz3y"
  },
  "279244092444114944": {
    "username": "shizuo",
    "password": "$2b$10$2sjPU6Fjuau3lHP1AKmmGuTBTMGDCbdVZr7BIrFCe7Irw84vR9JAi"
  }
}